machine_id,timestamp,case_id,run,failure_probability,anomaly_score,degradation_wear_score,machine_health_score,health_status,production_bottleneck_risk,maintenance_priority,top_risk_factors,feature_contributions,recommended_action,VB_mm_observed,VB_mm_estimated,VB_source,data_quality_flag,failure_probability_type,bottleneck_risk_type,contribution_type
MILL_MC510V,T+2 min,1,1,41.6,95.8,0.0,58.4,Degraded,50.8,Medium,vibration (98.8/100); anomaly (95.8/100); motor current (42.8/100),vibration=41.6%; anomaly=40.4%; motor current=18.0%,Increase monitoring frequency and inspect tool condition at the next planned maintenance.,0.0,0.0,observed,usable,prototype_risk_index_not_calibrated_probability,prototype_operational_risk_proxy_not_production_loss,heuristic_component_contribution_not_SHAP
MILL_MC510V,T+4 min,1,2,43.5,89.2,7.3,56.5,Degraded,52.4,Medium,vibration (98.2/100); anomaly (89.2/100); motor current (44.6/100),vibration=42.3%; anomaly=38.5%; motor current=19.2%,Increase monitoring frequency and inspect tool condition at the next planned maintenance.,,0.0366666666666666,interpolated,usable,prototype_risk_index_not_calibrated_probability,prototype_operational_risk_proxy_not_production_loss,heuristic_component_contribution_not_SHAP
MILL_MC510V,T+6 min,1,3,48.9,93.4,14.7,51.1,Degraded,56.5,Medium,vibration (99.4/100); anomaly (93.4/100); acoustic emission (47.0/100),vibration=41.5%; anomaly=39.0%; acoustic emission=19.6%,Increase monitoring frequency and inspect tool condition at the next planned maintenance.,,0.0733333333333333,interpolated,usable,prototype_risk_index_not_calibrated_probability,prototype_operational_risk_proxy_not_production_loss,heuristic_component_contribution_not_SHAP
MILL_MC510V,T+7 min,1,4,51.3,87.4,22.0,48.7,Degraded,59.0,Medium,vibration (97.6/100); anomaly (87.4/100); acoustic emission (53.6/100),vibration=40.9%; anomaly=36.6%; acoustic emission=22.5%,Increase monitoring frequency and inspect tool condition at the next planned maintenance.,0.11,0.11,observed,usable,prototype_risk_index_not_calibrated_probability,prototype_operational_risk_proxy_not_production_loss,heuristic_component_contribution_not_SHAP
MILL_MC510V,T+11 min,1,5,52.8,73.7,31.0,47.2,Degraded,62.0,High,vibration (97.0/100); anomaly (73.7/100); motor current (63.3/100),vibration=41.5%; anomaly=31.5%; motor current=27.0%,Schedule maintenance soon; inspect tool and review vibration/current/acoustic trends.,,0.155,interpolated,usable,prototype_risk_index_not_calibrated_probability,prototype_operational_risk_proxy_not_production_loss,heuristic_component_contribution_not_SHAP
MILL_MC510V,T+15 min,1,6,53.3,58.1,40.0,46.7,Degraded,63.7,High,vibration (95.8/100); motor current (71.1/100); acoustic emission (66.3/100),vibration=41.1%; motor current=30.5%; acoustic emission=28.4%,Schedule maintenance soon; inspect tool and review vibration/current/acoustic trends.,0.2,0.2,observed,usable,prototype_risk_index_not_calibrated_probability,prototype_operational_risk_proxy_not_production_loss,heuristic_component_contribution_not_SHAP
MILL_MC510V,T+19 min,1,7,53.5,41.9,48.0,46.5,Degraded,66.0,High,vibration (96.4/100); acoustic emission (79.5/100); motor current (73.5/100),vibration=38.6%; acoustic emission=31.9%; motor current=29.5%,Schedule maintenance soon; inspect tool and review vibration/current/acoustic trends.,0.24,0.24,observed,usable,prototype_risk_index_not_calibrated_probability,prototype_operational_risk_proxy_not_production_loss,heuristic_component_contribution_not_SHAP
MILL_MC510V,T+22 min,1,8,49.3,10.2,58.0,50.7,Degraded,64.1,High,vibration (94.0/100); motor current (81.9/100); acoustic emission (80.7/100),vibration=36.6%; motor current=31.9%; acoustic emission=31.5%,Schedule maintenance soon; inspect tool and review vibration/current/acoustic trends.,0.29,0.29,observed,usable,prototype_risk_index_not_calibrated_probability,prototype_operational_risk_proxy_not_production_loss,heuristic_component_contribution_not_SHAP
MILL_MC510V,T+26 min,1,9,48.9,9.6,56.0,51.1,Degraded,65.3,High,vibration (92.8/100); acoustic emission (91.6/100); motor current (83.1/100),vibration=34.7%; acoustic emission=34.2%; motor current=31.1%,Schedule maintenance soon; inspect tool and review vibration/current/acoustic trends.,0.28,0.28,observed,usable,prototype_risk_index_not_calibrated_probability,prototype_operational_risk_proxy_not_production_loss,heuristic_component_contribution_not_SHAP
MILL_MC510V,T+29 min,1,10,53.8,22.8,58.0,46.2,Degraded,68.2,High,vibration (89.8/100); motor current (89.8/100); acoustic emission (89.8/100),vibration=33.3%; motor current=33.3%; acoustic emission=33.3%,Schedule maintenance soon; inspect tool and review vibration/current/acoustic trends.,0.29,0.29,observed,usable,prototype_risk_index_not_calibrated_probability,prototype_operational_risk_proxy_not_production_loss,heuristic_component_contribution_not_SHAP
MILL_MC510V,T+32 min,1,11,66.5,34.7,76.0,33.5,Critical,76.1,High,acoustic emission (96.4/100); motor current (88.0/100); vibration (86.7/100),acoustic emission=35.6%; motor current=32.4%; vibration=32.0%,Schedule maintenance soon; inspect tool and review vibration/current/acoustic trends.,0.38,0.38,observed,usable,prototype_risk_index_not_calibrated_probability,prototype_operational_risk_proxy_not_production_loss,heuristic_component_contribution_not_SHAP
MILL_MC510V,T+35 min,1,12,69.6,36.5,80.0,30.4,Critical,79.1,High,vibration (94.6/100); acoustic emission (92.8/100); motor current (92.2/100),vibration=33.8%; acoustic emission=33.2%; motor current=33.0%,Schedule maintenance soon; inspect tool and review vibration/current/acoustic trends.,0.4,0.4,observed,usable,prototype_risk_index_not_calibrated_probability,prototype_operational_risk_proxy_not_production_loss,heuristic_component_contribution_not_SHAP
MILL_MC510V,T+38 min,1,13,65.6,13.8,86.0,34.4,Critical,76.3,High,acoustic emission (95.8/100); motor current (92.8/100); vibration (89.2/100),acoustic emission=34.5%; motor current=33.4%; vibration=32.1%,Schedule maintenance soon; inspect tool and review vibration/current/acoustic trends.,0.43,0.43,observed,usable,prototype_risk_index_not_calibrated_probability,prototype_operational_risk_proxy_not_production_loss,heuristic_component_contribution_not_SHAP
MILL_MC510V,T+41 min,1,14,68.1,14.4,90.0,31.9,Critical,78.4,High,acoustic emission (97.0/100); motor current (95.2/100); vibration (90.4/100),acoustic emission=34.3%; motor current=33.7%; vibration=32.0%,Schedule maintenance soon; inspect tool and review vibration/current/acoustic trends.,0.45,0.45,observed,usable,prototype_risk_index_not_calibrated_probability,prototype_operational_risk_proxy_not_production_loss,heuristic_component_contribution_not_SHAP
MILL_MC510V,T+44 min,1,15,78.5,31.1,100.0,21.5,Critical,85.5,Immediate,degradation/wear (100.0/100); acoustic emission (99.4/100); motor current (97.6/100),degradation/wear=33.7%; acoustic emission=33.5%; motor current=32.9%,Immediate inspection; verify sensor signals and inspect tool condition before the next production run.,0.5,0.5,observed,usable,prototype_risk_index_not_calibrated_probability,prototype_operational_risk_proxy_not_production_loss,heuristic_component_contribution_not_SHAP
MILL_MC510V,T+46 min,1,16,75.3,31.7,94.0,24.7,Critical,82.9,Immediate,acoustic emission (99.4/100); motor current (95.8/100); degradation/wear (94.0/100),acoustic emission=34.4%; motor current=33.1%; degradation/wear=32.5%,Immediate inspection; verify sensor signals and inspect tool condition before the next production run.,,0.47,interpolated,usable,prototype_risk_index_not_calibrated_probability,prototype_operational_risk_proxy_not_production_loss,heuristic_component_contribution_not_SHAP
MILL_MC510V,T+48 min,1,17,70.1,23.4,88.0,29.9,Critical,80.1,Immediate,acoustic emission (98.2/100); motor current (97.0/100); vibration (91.6/100),acoustic emission=34.2%; motor current=33.8%; vibration=31.9%,Immediate inspection; verify sensor signals and inspect tool condition before the next production run.,0.44,0.44,observed,usable,prototype_risk_index_not_calibrated_probability,prototype_operational_risk_proxy_not_production_loss,heuristic_component_contribution_not_SHAP
MILL_MC510V,T+3 min,2,1,37.3,100.0,14.5,62.7,Watch,22.4,Low,anomaly (100.0/100); degradation/wear (14.5/100); vibration (0.0/100),anomaly=87.3%; degradation/wear=12.7%; vibration=0.0%,Continue routine monitoring and review trends during scheduled maintenance.,0.08,0.08,observed,suspect_sensor_record,prototype_risk_index_not_calibrated_probability,prototype_operational_risk_proxy_not_production_loss,heuristic_component_contribution_not_SHAP
MILL_MC510V,T+9 min,2,2,46.3,73.1,25.5,53.7,Degraded,51.1,Medium,vibration (96.4/100); anomaly (73.1/100); acoustic emission (47.6/100),vibration=44.4%; anomaly=33.7%; acoustic emission=21.9%,Increase monitoring frequency and inspect tool condition at the next planned maintenance.,0.14,0.14,observed,usable,prototype_risk_index_not_calibrated_probability,prototype_operational_risk_proxy_not_production_loss,heuristic_component_contribution_not_SHAP
MILL_MC510V,T+12 min,2,3,45.3,70.1,25.5,54.7,Degraded,50.2,Medium,vibration (95.2/100); anomaly (70.1/100); acoustic emission (45.8/100),vibration=45.1%; anomaly=33.2%; acoustic emission=21.7%,Increase monitoring frequency and inspect tool condition at the next planned maintenance.,0.14,0.14,observed,usable,prototype_risk_index_not_calibrated_probability,prototype_operational_risk_proxy_not_production_loss,heuristic_component_contribution_not_SHAP
MILL_MC510V,T+15 min,2,4,42.9,64.1,25.5,57.1,Degraded,47.6,Medium,vibration (91.0/100); anomaly (64.1/100); acoustic emission (39.8/100),vibration=46.7%; anomaly=32.9%; acoustic emission=20.4%,Increase monitoring frequency and inspect tool condition at the next planned maintenance.,0.14,0.14,observed,usable,prototype_risk_index_not_calibrated_probability,prototype_operational_risk_proxy_not_production_loss,heuristic_component_contribution_not_SHAP
MILL_MC510V,T+22 min,2,5,44.6,68.3,27.3,55.4,Degraded,47.6,Medium,vibration (84.9/100); anomaly (68.3/100); acoustic emission (35.5/100),vibration=45.0%; anomaly=36.2%; acoustic emission=18.8%,Increase monitoring frequency and inspect tool condition at the next planned maintenance.,0.15,0.15,observed,usable,prototype_risk_index_not_calibrated_probability,prototype_operational_risk_proxy_not_production_loss,heuristic_component_contribution_not_SHAP
MILL_MC510V,T+24 min,2,6,37.9,40.7,30.0,62.1,Watch,44.1,Medium,vibration (88.0/100); anomaly (40.7/100); acoustic emission (34.9/100),vibration=53.8%; anomaly=24.9%; acoustic emission=21.4%,Increase monitoring frequency and inspect tool condition at the next planned maintenance.,,0.1649999999999999,interpolated,usable,prototype_risk_index_not_calibrated_probability,prototype_operational_risk_proxy_not_production_loss,heuristic_component_contribution_not_SHAP
MILL_MC510V,T+27 min,2,7,32.5,18.0,32.7,67.5,Watch,40.9,Medium,vibration (85.5/100); acoustic emission (34.3/100); degradation/wear (32.7/100),vibration=56.1%; acoustic emission=22.5%; degradation/wear=21.4%,Increase monitoring frequency and inspect tool condition at the next planned maintenance.,0.18,0.18,observed,usable,prototype_risk_index_not_calibrated_probability,prototype_operational_risk_proxy_not_production_loss,heuristic_component_contribution_not_SHAP
MILL_MC510V,T+33 min,2,8,37.5,18.6,40.0,62.5,Watch,46.3,Medium,vibration (87.3/100); acoustic emission (44.0/100); degradation/wear (40.0/100),vibration=51.0%; acoustic emission=25.7%; degradation/wear=23.3%,Increase monitoring frequency and inspect tool condition at the next planned maintenance.,0.22,0.22,observed,usable,prototype_risk_index_not_calibrated_probability,prototype_operational_risk_proxy_not_production_loss,heuristic_component_contribution_not_SHAP
MILL_MC510V,T+39 min,2,9,50.6,44.9,47.3,49.4,Degraded,57.3,Medium,vibration (74.7/100); acoustic emission (71.7/100); motor current (49.4/100),vibration=38.2%; acoustic emission=36.6%; motor current=25.2%,Increase monitoring frequency and inspect tool condition at the next planned maintenance.,0.26,0.26,observed,usable,prototype_risk_index_not_calibrated_probability,prototype_operational_risk_proxy_not_production_loss,heuristic_component_contribution_not_SHAP
MILL_MC510V,T+45 min,2,10,54.6,37.7,56.4,45.4,Degraded,63.0,High,vibration (84.3/100); acoustic emission (78.9/100); motor current (56.6/100),vibration=38.4%; acoustic emission=35.9%; motor current=25.8%,Schedule maintenance soon; inspect tool and review vibration/current/acoustic trends.,0.31,0.31,observed,usable,prototype_risk_index_not_calibrated_probability,prototype_operational_risk_proxy_not_production_loss,heuristic_component_contribution_not_SHAP
MILL_MC510V,T+51 min,2,11,73.6,76.0,69.1,26.4,Critical,76.8,High,acoustic emission (89.8/100); vibration (83.7/100); anomaly (76.0/100),acoustic emission=36.0%; vibration=33.6%; anomaly=30.5%,Schedule maintenance soon; inspect tool and review vibration/current/acoustic trends.,0.38,0.38,observed,usable,prototype_risk_index_not_calibrated_probability,prototype_operational_risk_proxy_not_production_loss,heuristic_component_contribution_not_SHAP
MILL_MC510V,T+59 min,2,12,76.4,69.5,78.2,23.6,Critical,78.7,High,acoustic emission (93.4/100); vibration (81.3/100); degradation/wear (78.2/100),acoustic emission=36.9%; vibration=32.2%; degradation/wear=30.9%,Schedule maintenance soon; inspect tool and review vibration/current/acoustic trends.,0.43,0.43,observed,usable,prototype_risk_index_not_calibrated_probability,prototype_operational_risk_proxy_not_production_loss,heuristic_component_contribution_not_SHAP
MILL_MC510V,T+66 min,2,13,85.5,94.6,87.3,14.5,Critical,78.4,High,acoustic emission (97.0/100); anomaly (94.6/100); degradation/wear (87.3/100),acoustic emission=34.8%; anomaly=33.9%; degradation/wear=31.3%,Schedule maintenance soon; inspect tool and review vibration/current/acoustic trends.,0.48,0.48,observed,usable,prototype_risk_index_not_calibrated_probability,prototype_operational_risk_proxy_not_production_loss,heuristic_component_contribution_not_SHAP
MILL_MC510V,T+72 min,2,14,90.3,94.0,100.0,9.7,Critical,78.4,High,degradation/wear (100.0/100); anomaly (94.0/100); acoustic emission (94.0/100),degradation/wear=34.7%; anomaly=32.6%; acoustic emission=32.6%,Schedule maintenance soon; inspect tool and review vibration/current/acoustic trends.,0.55,0.55,observed,usable,prototype_risk_index_not_calibrated_probability,prototype_operational_risk_proxy_not_production_loss,heuristic_component_contribution_not_SHAP
MILL_MC510V,T+0 min,3,1,29.0,66.5,0.0,71.0,Watch,35.5,Medium,vibration (90.4/100); anomaly (66.5/100); acoustic emission (23.5/100),vibration=50.1%; anomaly=36.9%; acoustic emission=13.0%,Increase monitoring frequency and inspect tool condition at the next planned maintenance.,0.0,0.0,observed,usable,prototype_risk_index_not_calibrated_probability,prototype_operational_risk_proxy_not_production_loss,heuristic_component_contribution_not_SHAP
MILL_MC510V,T+3 min,3,2,30.6,43.1,23.6,69.4,Watch,30.0,Low,vibration (60.8/100); anomaly (43.1/100); degradation/wear (23.6/100),vibration=47.7%; anomaly=33.8%; degradation/wear=18.5%,Continue routine monitoring and review trends during scheduled maintenance.,0.13,0.13,observed,usable,prototype_risk_index_not_calibrated_probability,prototype_operational_risk_proxy_not_production_loss,heuristic_component_contribution_not_SHAP
MILL_MC510V,T+9 min,3,3,23.1,22.2,23.6,76.9,Watch,23.1,Low,vibration (40.4/100); degradation/wear (23.6/100); anomaly (22.2/100),vibration=46.8%; degradation/wear=27.4%; anomaly=25.8%,Continue routine monitoring and review trends during scheduled maintenance.,0.13,0.13,observed,usable,prototype_risk_index_not_calibrated_probability,prototype_operational_risk_proxy_not_production_loss,heuristic_component_contribution_not_SHAP
MILL_MC510V,T+21 min,3,5,42.0,58.7,30.9,58.0,Degraded,42.9,Medium,vibration (80.1/100); anomaly (58.7/100); degradation/wear (30.9/100),vibration=47.2%; anomaly=34.6%; degradation/wear=18.2%,Increase monitoring frequency and inspect tool condition at the next planned maintenance.,0.17,0.17,observed,usable,prototype_risk_index_not_calibrated_probability,prototype_operational_risk_proxy_not_production_loss,heuristic_component_contribution_not_SHAP
MILL_MC510V,T+27 min,3,6,46.7,62.9,34.5,53.3,Degraded,49.1,Medium,vibration (78.9/100); anomaly (62.9/100); acoustic emission (51.2/100),vibration=40.9%; anomaly=32.6%; acoustic emission=26.5%,Increase monitoring frequency and inspect tool condition at the next planned maintenance.,0.19,0.19,observed,usable,prototype_risk_index_not_calibrated_probability,prototype_operational_risk_proxy_not_production_loss,heuristic_component_contribution_not_SHAP
MILL_MC510V,T+33 min,3,7,39.8,43.7,36.4,60.2,Watch,40.8,Medium,vibration (68.1/100); anomaly (43.7/100); degradation/wear (36.4/100),vibration=46.0%; anomaly=29.5%; degradation/wear=24.5%,Increase monitoring frequency and inspect tool condition at the next planned maintenance.,0.2,0.2,observed,usable,prototype_risk_index_not_calibrated_probability,prototype_operational_risk_proxy_not_production_loss,heuristic_component_contribution_not_SHAP
MILL_MC510V,T+39 min,3,8,30.6,11.4,41.8,69.4,Watch,31.0,Low,degradation/wear (41.8/100); acoustic emission (41.0/100); vibration (30.1/100),degradation/wear=37.0%; acoustic emission=36.3%; vibration=26.7%,Continue routine monitoring and review trends during scheduled maintenance.,0.23,0.23,observed,usable,prototype_risk_index_not_calibrated_probability,prototype_operational_risk_proxy_not_production_loss,heuristic_component_contribution_not_SHAP
MILL_MC510V,T+45 min,3,9,29.1,6.6,41.8,70.9,Watch,30.0,Low,acoustic emission (47.0/100); degradation/wear (41.8/100); vibration (24.7/100),acoustic emission=41.4%; degradation/wear=36.8%; vibration=21.8%,Continue routine monitoring and review trends during scheduled maintenance.,0.23,0.23,observed,usable,prototype_risk_index_not_calibrated_probability,prototype_operational_risk_proxy_not_production_loss,heuristic_component_contribution_not_SHAP
MILL_MC510V,T+51 min,3,10,47.4,44.3,47.3,52.6,Degraded,49.3,Medium,acoustic emission (65.1/100); vibration (51.8/100); degradation/wear (47.3/100),acoustic emission=39.6%; vibration=31.6%; degradation/wear=28.8%,Increase monitoring frequency and inspect tool condition at the next planned maintenance.,0.26,0.26,observed,usable,prototype_risk_index_not_calibrated_probability,prototype_operational_risk_proxy_not_production_loss,heuristic_component_contribution_not_SHAP
MILL_MC510V,T+57 min,3,11,44.0,28.7,50.9,56.0,Degraded,46.4,Medium,acoustic emission (80.1/100); degradation/wear (50.9/100); motor current (41.0/100),acoustic emission=46.6%; degradation/wear=29.6%; motor current=23.8%,Increase monitoring frequency and inspect tool condition at the next planned maintenance.,0.28,0.28,observed,usable,prototype_risk_index_not_calibrated_probability,prototype_operational_risk_proxy_not_production_loss,heuristic_component_contribution_not_SHAP
MILL_MC510V,T+63 min,3,12,54.8,54.5,60.0,45.2,Degraded,49.7,Medium,acoustic emission (74.1/100); degradation/wear (60.0/100); anomaly (54.5/100),acoustic emission=39.3%; degradation/wear=31.8%; anomaly=28.9%,Increase monitoring frequency and inspect tool condition at the next planned maintenance.,0.33,0.33,observed,usable,prototype_risk_index_not_calibrated_probability,prototype_operational_risk_proxy_not_production_loss,heuristic_component_contribution_not_SHAP
MILL_MC510V,T+69 min,3,14,67.8,85.6,65.5,32.2,Critical,59.5,Medium,acoustic emission (94.6/100); anomaly (85.6/100); degradation/wear (65.5/100),acoustic emission=38.5%; anomaly=34.8%; degradation/wear=26.6%,Increase monitoring frequency and inspect tool condition at the next planned maintenance.,0.36,0.36,observed,usable,prototype_risk_index_not_calibrated_probability,prototype_operational_risk_proxy_not_production_loss,heuristic_component_contribution_not_SHAP
MILL_MC510V,T+75 min,3,15,70.3,67.1,80.0,29.7,Critical,62.4,High,acoustic emission (87.3/100); degradation/wear (80.0/100); anomaly (67.1/100),acoustic emission=37.3%; degradation/wear=34.1%; anomaly=28.6%,Schedule maintenance soon; inspect tool and review vibration/current/acoustic trends.,0.44,0.44,observed,usable,prototype_risk_index_not_calibrated_probability,prototype_operational_risk_proxy_not_production_loss,heuristic_component_contribution_not_SHAP
MILL_MC510V,T+81 min,3,16,84.2,77.2,100.0,15.8,Critical,72.6,High,degradation/wear (100.0/100); acoustic emission (83.1/100); anomaly (77.2/100),degradation/wear=38.4%; acoustic emission=31.9%; anomaly=29.7%,Schedule maintenance soon; inspect tool and review vibration/current/acoustic trends.,0.55,0.55,observed,usable,prototype_risk_index_not_calibrated_probability,prototype_operational_risk_proxy_not_production_loss,heuristic_component_contribution_not_SHAP
MILL_MC510V,T+3 min,4,1,42.6,74.3,16.3,57.4,Degraded,49.7,Medium,vibration (92.8/100); anomaly (74.3/100); acoustic emission (51.8/100),vibration=42.4%; anomaly=33.9%; acoustic emission=23.7%,Increase monitoring frequency and inspect tool condition at the next planned maintenance.,0.08,0.08,observed,usable,prototype_risk_index_not_calibrated_probability,prototype_operational_risk_proxy_not_production_loss,heuristic_component_contribution_not_SHAP
MILL_MC510V,T+9 min,4,2,31.4,19.2,26.5,68.6,Watch,43.5,Medium,vibration (80.1/100); acoustic emission (59.0/100); motor current (36.1/100),vibration=45.7%; acoustic emission=33.7%; motor current=20.6%,Increase monitoring frequency and inspect tool condition at the next planned maintenance.,0.13,0.13,observed,usable,prototype_risk_index_not_calibrated_probability,prototype_operational_risk_proxy_not_production_loss,heuristic_component_contribution_not_SHAP
MILL_MC510V,T+15 min,4,3,49.7,48.5,40.8,50.3,Degraded,59.2,Medium,vibration (93.4/100); acoustic emission (75.9/100); anomaly (48.5/100),vibration=42.9%; acoustic emission=34.9%; anomaly=22.3%,Increase monitoring frequency and inspect tool condition at the next planned maintenance.,0.2,0.2,observed,usable,prototype_risk_index_not_calibrated_probability,prototype_operational_risk_proxy_not_production_loss,heuristic_component_contribution_not_SHAP
MILL_MC510V,T+21 min,4,4,45.4,7.2,63.3,54.6,Degraded,50.5,Medium,acoustic emission (66.3/100); degradation/wear (63.3/100); vibration (54.8/100),acoustic emission=35.9%; degradation/wear=34.3%; vibration=29.7%,Increase monitoring frequency and inspect tool condition at the next planned maintenance.,0.31,0.31,observed,usable,prototype_risk_index_not_calibrated_probability,prototype_operational_risk_proxy_not_production_loss,heuristic_component_contribution_not_SHAP
MILL_MC510V,T+27 min,4,5,68.8,72.5,71.4,31.2,Critical,64.1,High,acoustic emission (86.7/100); anomaly (72.5/100); degradation/wear (71.4/100),acoustic emission=37.6%; anomaly=31.4%; degradation/wear=31.0%,Schedule maintenance soon; inspect tool and review vibration/current/acoustic trends.,0.35,0.35,observed,usable,prototype_risk_index_not_calibrated_probability,prototype_operational_risk_proxy_not_production_loss,heuristic_component_contribution_not_SHAP
MILL_MC510V,T+34 min,4,6,81.1,81.4,81.6,18.9,Critical,80.5,Immediate,acoustic emission (88.6/100); degradation/wear (81.6/100); anomaly (81.4/100),acoustic emission=35.2%; degradation/wear=32.4%; anomaly=32.4%,Immediate inspection; verify sensor signals and inspect tool condition before the next production run.,0.4,0.4,observed,usable,prototype_risk_index_not_calibrated_probability,prototype_operational_risk_proxy_not_production_loss,heuristic_component_contribution_not_SHAP
MILL_MC510V,T+39 min,4,7,84.0,68.9,100.0,16.0,Critical,77.1,High,degradation/wear (100.0/100); acoustic emission (91.0/100); motor current (75.9/100),degradation/wear=37.5%; acoustic emission=34.1%; motor current=28.4%,Schedule maintenance soon; inspect tool and review vibration/current/acoustic trends.,0.49,0.49,observed,usable,prototype_risk_index_not_calibrated_probability,prototype_operational_risk_proxy_not_production_loss,heuristic_component_contribution_not_SHAP
MILL_MC510V,T+1 min,9,1,40.1,91.6,0.0,59.9,Degraded,49.3,Medium,vibration (99.4/100); anomaly (91.6/100); acoustic emission (42.2/100),vibration=42.6%; anomaly=39.3%; acoustic emission=18.1%,Increase monitoring frequency and inspect tool condition at the next planned maintenance.,0.0,0.0,observed,usable,prototype_risk_index_not_calibrated_probability,prototype_operational_risk_proxy_not_production_loss,heuristic_component_contribution_not_SHAP
MILL_MC510V,T+3 min,9,2,46.6,92.8,12.3,53.4,Degraded,53.1,Medium,vibration (94.0/100); anomaly (92.8/100); acoustic emission (48.2/100),vibration=40.0%; anomaly=39.5%; acoustic emission=20.5%,Increase monitoring frequency and inspect tool condition at the next planned maintenance.,0.1,0.1,observed,usable,prototype_risk_index_not_calibrated_probability,prototype_operational_risk_proxy_not_production_loss,heuristic_component_contribution_not_SHAP
MILL_MC510V,T+9 min,9,3,50.3,88.6,17.3,49.7,Degraded,60.3,High,vibration (95.2/100); anomaly (88.6/100); acoustic emission (63.3/100),vibration=38.5%; anomaly=35.9%; acoustic emission=25.6%,Schedule maintenance soon; inspect tool and review vibration/current/acoustic trends.,0.14,0.14,observed,usable,prototype_risk_index_not_calibrated_probability,prototype_operational_risk_proxy_not_production_loss,heuristic_component_contribution_not_SHAP
MILL_MC510V,T+16 min,9,4,47.0,63.5,23.5,53.0,Degraded,60.7,High,vibration (97.6/100); motor current (71.7/100); acoustic emission (69.3/100),vibration=40.9%; motor current=30.1%; acoustic emission=29.0%,Schedule maintenance soon; inspect tool and review vibration/current/acoustic trends.,0.19,0.19,observed,usable,prototype_risk_index_not_calibrated_probability,prototype_operational_risk_proxy_not_production_loss,heuristic_component_contribution_not_SHAP
MILL_MC510V,T+22 min,9,5,32.7,0.9,33.3,67.3,Watch,51.3,Medium,motor current (81.3/100); acoustic emission (78.3/100); vibration (78.3/100),motor current=34.2%; acoustic emission=32.9%; vibration=32.9%,Increase monitoring frequency and inspect tool condition at the next planned maintenance.,0.27,0.27,observed,usable,prototype_risk_index_not_calibrated_probability,prototype_operational_risk_proxy_not_production_loss,heuristic_component_contribution_not_SHAP
MILL_MC510V,T+28 min,9,6,42.3,12.6,46.9,57.7,Degraded,55.5,Medium,acoustic emission (86.1/100); motor current (84.9/100); vibration (59.6/100),acoustic emission=37.3%; motor current=36.8%; vibration=25.8%,Increase monitoring frequency and inspect tool condition at the next planned maintenance.,0.38,0.38,observed,usable,prototype_risk_index_not_calibrated_probability,prototype_operational_risk_proxy_not_production_loss,heuristic_component_contribution_not_SHAP
MILL_MC510V,T+34 min,9,7,51.2,21.6,58.0,48.8,Degraded,62.2,High,acoustic emission (95.2/100); motor current (91.6/100); degradation/wear (58.0/100),acoustic emission=38.9%; motor current=37.4%; degradation/wear=23.7%,Schedule maintenance soon; inspect tool and review vibration/current/acoustic trends.,0.47,0.47,observed,usable,prototype_risk_index_not_calibrated_probability,prototype_operational_risk_proxy_not_production_loss,heuristic_component_contribution_not_SHAP
MILL_MC510V,T+40 min,9,8,64.1,27.5,79.0,35.9,Critical,71.1,High,acoustic emission (98.8/100); motor current (96.4/100); degradation/wear (79.0/100),acoustic emission=36.0%; motor current=35.2%; degradation/wear=28.8%,Schedule maintenance soon; inspect tool and review vibration/current/acoustic trends.,0.64,0.64,observed,usable,prototype_risk_index_not_calibrated_probability,prototype_operational_risk_proxy_not_production_loss,heuristic_component_contribution_not_SHAP
MILL_MC510V,T+46 min,9,9,86.8,71.3,100.0,13.2,Critical,82.9,Immediate,degradation/wear (100.0/100); acoustic emission (100.0/100); motor current (98.8/100),degradation/wear=33.5%; acoustic emission=33.5%; motor current=33.1%,Immediate inspection; verify sensor signals and inspect tool condition before the next production run.,0.81,0.81,observed,usable,prototype_risk_index_not_calibrated_probability,prototype_operational_risk_proxy_not_production_loss,heuristic_component_contribution_not_SHAP
MILL_MC510V,T+0 min,10,1,29.2,64.7,0.0,70.8,Watch,37.2,Medium,vibration (84.9/100); anomaly (64.7/100); acoustic emission (25.3/100),vibration=48.6%; anomaly=37.0%; acoustic emission=14.5%,Increase monitoring frequency and inspect tool condition at the next planned maintenance.,0.0,0.0,observed,usable,prototype_risk_index_not_calibrated_probability,prototype_operational_risk_proxy_not_production_loss,heuristic_component_contribution_not_SHAP
MILL_MC510V,T+4 min,10,2,29.2,56.9,5.7,70.8,Watch,36.0,Medium,vibration (71.7/100); anomaly (56.9/100); acoustic emission (30.7/100),vibration=45.0%; anomaly=35.7%; acoustic emission=19.3%,Increase monitoring frequency and inspect tool condition at the next planned maintenance.,0.04,0.04,observed,usable,prototype_risk_index_not_calibrated_probability,prototype_operational_risk_proxy_not_production_loss,heuristic_component_contribution_not_SHAP
MILL_MC510V,T+9 min,10,3,26.1,35.9,11.4,73.9,Watch,35.0,Low,vibration (62.0/100); motor current (40.4/100); acoustic emission (38.0/100),vibration=44.2%; motor current=28.8%; acoustic emission=27.0%,Continue routine monitoring and review trends during scheduled maintenance.,0.08,0.08,observed,usable,prototype_risk_index_not_calibrated_probability,prototype_operational_risk_proxy_not_production_loss,heuristic_component_contribution_not_SHAP
MILL_MC510V,T+15 min,10,4,30.6,25.1,22.9,69.4,Watch,41.6,Medium,vibration (62.7/100); acoustic emission (58.4/100); motor current (50.6/100),vibration=36.5%; acoustic emission=34.0%; motor current=29.5%,Increase monitoring frequency and inspect tool condition at the next planned maintenance.,0.16,0.16,observed,usable,prototype_risk_index_not_calibrated_probability,prototype_operational_risk_proxy_not_production_loss,heuristic_component_contribution_not_SHAP
MILL_MC510V,T+21 min,10,5,31.2,4.8,35.7,68.8,Watch,42.5,Medium,acoustic emission (69.9/100); motor current (62.7/100); vibration (48.2/100),acoustic emission=38.7%; motor current=34.7%; vibration=26.7%,Increase monitoring frequency and inspect tool condition at the next planned maintenance.,0.25,0.25,observed,usable,prototype_risk_index_not_calibrated_probability,prototype_operational_risk_proxy_not_production_loss,heuristic_component_contribution_not_SHAP
MILL_MC510V,T+27 min,10,6,40.6,8.4,51.4,59.4,Degraded,49.1,Medium,acoustic emission (81.3/100); motor current (69.3/100); degradation/wear (51.4/100),acoustic emission=40.3%; motor current=34.3%; degradation/wear=25.5%,Increase monitoring frequency and inspect tool condition at the next planned maintenance.,0.36,0.36,observed,usable,prototype_risk_index_not_calibrated_probability,prototype_operational_risk_proxy_not_production_loss,heuristic_component_contribution_not_SHAP
MILL_MC510V,T+33 min,10,7,49.6,20.4,61.4,50.4,Degraded,55.4,Medium,acoustic emission (86.7/100); motor current (84.3/100); degradation/wear (61.4/100),acoustic emission=37.3%; motor current=36.3%; degradation/wear=26.4%,Increase monitoring frequency and inspect tool condition at the next planned maintenance.,0.43,0.43,observed,usable,prototype_risk_index_not_calibrated_probability,prototype_operational_risk_proxy_not_production_loss,heuristic_component_contribution_not_SHAP
MILL_MC510V,T+39 min,10,8,55.8,28.1,67.1,44.2,Degraded,61.0,High,motor current (97.0/100); acoustic emission (91.6/100); degradation/wear (67.1/100),motor current=37.9%; acoustic emission=35.8%; degradation/wear=26.3%,Schedule maintenance soon; inspect tool and review vibration/current/acoustic trends.,0.47,0.47,observed,usable,prototype_risk_index_not_calibrated_probability,prototype_operational_risk_proxy_not_production_loss,heuristic_component_contribution_not_SHAP
MILL_MC510V,T+45 min,10,9,66.4,49.7,75.7,33.6,Critical,67.1,High,acoustic emission (98.2/100); motor current (97.6/100); degradation/wear (75.7/100),acoustic emission=36.2%; motor current=35.9%; degradation/wear=27.9%,Schedule maintenance soon; inspect tool and review vibration/current/acoustic trends.,0.53,0.53,observed,usable,prototype_risk_index_not_calibrated_probability,prototype_operational_risk_proxy_not_production_loss,heuristic_component_contribution_not_SHAP
MILL_MC510V,T+57 min,10,10,89.7,80.8,100.0,10.3,Critical,84.8,Immediate,degradation/wear (100.0/100); acoustic emission (98.8/100); motor current (86.1/100),degradation/wear=35.1%; acoustic emission=34.7%; motor current=30.2%,Immediate inspection; verify sensor signals and inspect tool condition before the next production run.,0.7,0.7,observed,usable,prototype_risk_index_not_calibrated_probability,prototype_operational_risk_proxy_not_production_loss,heuristic_component_contribution_not_SHAP
MILL_MC510V,T+1 min,11,1,22.9,55.7,0.0,77.1,Watch,26.2,Low,vibration (66.3/100); anomaly (55.7/100); acoustic emission (12.7/100),vibration=49.2%; anomaly=41.4%; acoustic emission=9.4%,Continue routine monitoring and review trends during scheduled maintenance.,0.0,0.0,observed,usable,prototype_risk_index_not_calibrated_probability,prototype_operational_risk_proxy_not_production_loss,heuristic_component_contribution_not_SHAP
MILL_MC510V,T+3 min,11,2,23.1,46.7,5.3,76.9,Watch,26.7,Low,vibration (60.8/100); anomaly (46.7/100); acoustic emission (21.7/100),vibration=47.1%; anomaly=36.1%; acoustic emission=16.8%,Continue routine monitoring and review trends during scheduled maintenance.,0.04,0.04,observed,usable,prototype_risk_index_not_calibrated_probability,prototype_operational_risk_proxy_not_production_loss,heuristic_component_contribution_not_SHAP
MILL_MC510V,T+10 min,11,3,24.3,49.1,9.2,75.7,Watch,24.5,Low,anomaly (49.1/100); vibration (48.8/100); acoustic emission (12.0/100),anomaly=44.7%; vibration=44.4%; acoustic emission=11.0%,Continue routine monitoring and review trends during scheduled maintenance.,0.07,0.07,observed,usable,prototype_risk_index_not_calibrated_probability,prototype_operational_risk_proxy_not_production_loss,heuristic_component_contribution_not_SHAP
MILL_MC510V,T+12 min,11,4,17.1,24.0,9.2,82.9,Healthy,20.9,Low,vibration (45.2/100); anomaly (24.0/100); acoustic emission (19.3/100),vibration=51.1%; anomaly=27.1%; acoustic emission=21.8%,Continue routine monitoring and review trends during scheduled maintenance.,0.07,0.07,observed,usable,prototype_risk_index_not_calibrated_probability,prototype_operational_risk_proxy_not_production_loss,heuristic_component_contribution_not_SHAP
MILL_MC510V,T+14 min,11,5,38.2,71.9,10.5,61.8,Watch,45.6,Medium,vibration (89.2/100); anomaly (71.9/100); acoustic emission (55.4/100),vibration=41.2%; anomaly=33.2%; acoustic emission=25.6%,Increase monitoring frequency and inspect tool condition at the next planned maintenance.,0.08,0.08,observed,usable,prototype_risk_index_not_calibrated_probability,prototype_operational_risk_proxy_not_production_loss,heuristic_component_contribution_not_SHAP
MILL_MC510V,T+17 min,11,6,31.5,51.5,11.8,68.5,Watch,39.1,Medium,vibration (79.5/100); anomaly (51.5/100); acoustic emission (46.4/100),vibration=44.8%; anomaly=29.0%; acoustic emission=26.1%,Increase monitoring frequency and inspect tool condition at the next planned maintenance.,0.09,0.09,observed,usable,prototype_risk_index_not_calibrated_probability,prototype_operational_risk_proxy_not_production_loss,heuristic_component_contribution_not_SHAP
MILL_MC510V,T+19 min,11,7,18.6,16.8,13.8,81.4,Healthy,24.6,Low,vibration (41.6/100); acoustic emission (38.6/100); anomaly (16.8/100),vibration=42.9%; acoustic emission=39.8%; anomaly=17.3%,Continue routine monitoring and review trends during scheduled maintenance.,,0.105,interpolated,usable,prototype_risk_index_not_calibrated_probability,prototype_operational_risk_proxy_not_production_loss,heuristic_component_contribution_not_SHAP
MILL_MC510V,T+21 min,11,8,18.0,9.0,15.8,82.0,Healthy,25.6,Low,vibration (52.4/100); acoustic emission (33.7/100); motor current (16.9/100),vibration=50.9%; acoustic emission=32.7%; motor current=16.4%,Continue routine monitoring and review trends during scheduled maintenance.,0.12,0.12,observed,usable,prototype_risk_index_not_calibrated_probability,prototype_operational_risk_proxy_not_production_loss,heuristic_component_contribution_not_SHAP
MILL_MC510V,T+27 min,11,9,28.6,33.5,21.1,71.4,Watch,33.1,Low,vibration (71.1/100); anomaly (33.5/100); acoustic emission (22.3/100),vibration=56.0%; anomaly=26.4%; acoustic emission=17.6%,Continue routine monitoring and review trends during scheduled maintenance.,0.16,0.16,observed,usable,prototype_risk_index_not_calibrated_probability,prototype_operational_risk_proxy_not_production_loss,heuristic_component_contribution_not_SHAP
MILL_MC510V,T+33 min,11,10,27.4,35.3,23.7,72.6,Watch,26.3,Low,anomaly (35.3/100); vibration (34.9/100); degradation/wear (23.7/100),anomaly=37.6%; vibration=37.2%; degradation/wear=25.2%,Continue routine monitoring and review trends during scheduled maintenance.,0.18,0.18,observed,usable,prototype_risk_index_not_calibrated_probability,prototype_operational_risk_proxy_not_production_loss,heuristic_component_contribution_not_SHAP
MILL_MC510V,T+39 min,11,11,21.3,3.0,26.3,78.7,Watch,27.3,Low,vibration (46.4/100); acoustic emission (38.0/100); degradation/wear (26.3/100),vibration=41.9%; acoustic emission=34.3%; degradation/wear=23.8%,Continue routine monitoring and review trends during scheduled maintenance.,0.2,0.2,observed,usable,prototype_risk_index_not_calibrated_probability,prototype_operational_risk_proxy_not_production_loss,heuristic_component_contribution_not_SHAP
MILL_MC510V,T+45 min,11,12,41.5,55.1,30.3,58.5,Degraded,44.5,Medium,vibration (76.5/100); anomaly (55.1/100); acoustic emission (39.2/100),vibration=44.8%; anomaly=32.3%; acoustic emission=22.9%,Increase monitoring frequency and inspect tool condition at the next planned maintenance.,0.23,0.23,observed,usable,prototype_risk_index_not_calibrated_probability,prototype_operational_risk_proxy_not_production_loss,heuristic_component_contribution_not_SHAP
MILL_MC510V,T+51 min,11,13,34.4,30.5,34.2,65.6,Watch,37.0,Medium,acoustic emission (48.8/100); vibration (41.0/100); degradation/wear (34.2/100),acoustic emission=39.4%; vibration=33.0%; degradation/wear=27.6%,Increase monitoring frequency and inspect tool condition at the next planned maintenance.,0.26,0.26,observed,usable,prototype_risk_index_not_calibrated_probability,prototype_operational_risk_proxy_not_production_loss,heuristic_component_contribution_not_SHAP
MILL_MC510V,T+54 min,11,14,31.3,15.0,37.5,68.7,Watch,34.8,Low,acoustic emission (60.8/100); degradation/wear (37.5/100); vibration (29.5/100),acoustic emission=47.6%; degradation/wear=29.3%; vibration=23.1%,Continue routine monitoring and review trends during scheduled maintenance.,,0.285,interpolated,usable,prototype_risk_index_not_calibrated_probability,prototype_operational_risk_proxy_not_production_loss,heuristic_component_contribution_not_SHAP
MILL_MC510V,T+57 min,11,15,42.6,50.3,40.8,57.4,Degraded,39.9,Medium,anomaly (50.3/100); acoustic emission (49.4/100); degradation/wear (40.8/100),anomaly=35.8%; acoustic emission=35.2%; degradation/wear=29.0%,Increase monitoring frequency and inspect tool condition at the next planned maintenance.,0.31,0.31,observed,usable,prototype_risk_index_not_calibrated_probability,prototype_operational_risk_proxy_not_production_loss,heuristic_component_contribution_not_SHAP
MILL_MC510V,T+63 min,11,16,40.4,24.6,48.7,59.6,Degraded,41.5,Medium,acoustic emission (54.8/100); degradation/wear (48.7/100); vibration (43.4/100),acoustic emission=37.3%; degradation/wear=33.1%; vibration=29.5%,Increase monitoring frequency and inspect tool condition at the next planned maintenance.,0.37,0.37,observed,usable,prototype_risk_index_not_calibrated_probability,prototype_operational_risk_proxy_not_production_loss,heuristic_component_contribution_not_SHAP
MILL_MC510V,T+67 min,11,17,43.0,29.9,52.0,57.0,Degraded,42.0,Medium,acoustic emission (64.5/100); degradation/wear (52.0/100); motor current (33.7/100),acoustic emission=42.9%; degradation/wear=34.6%; motor current=22.5%,Increase monitoring frequency and inspect tool condition at the next planned maintenance.,,0.395,interpolated,usable,prototype_risk_index_not_calibrated_probability,prototype_operational_risk_proxy_not_production_loss,heuristic_component_contribution_not_SHAP
MILL_MC510V,T+72 min,11,18,54.0,62.3,55.3,46.0,Degraded,47.9,Medium,acoustic emission (65.1/100); anomaly (62.3/100); degradation/wear (55.3/100),acoustic emission=35.6%; anomaly=34.1%; degradation/wear=30.3%,Increase monitoring frequency and inspect tool condition at the next planned maintenance.,0.42,0.42,observed,usable,prototype_risk_index_not_calibrated_probability,prototype_operational_risk_proxy_not_production_loss,heuristic_component_contribution_not_SHAP
MILL_MC510V,T+80 min,11,19,62.4,74.9,61.8,37.6,Critical,55.5,Medium,anomaly (74.9/100); acoustic emission (63.9/100); degradation/wear (61.8/100),anomaly=37.3%; acoustic emission=31.8%; degradation/wear=30.8%,Increase monitoring frequency and inspect tool condition at the next planned maintenance.,0.47,0.47,observed,usable,prototype_risk_index_not_calibrated_probability,prototype_operational_risk_proxy_not_production_loss,heuristic_component_contribution_not_SHAP
MILL_MC510V,T+86 min,11,20,70.4,79.6,75.0,29.6,Critical,60.4,High,acoustic emission (80.1/100); anomaly (79.6/100); degradation/wear (75.0/100),acoustic emission=34.1%; anomaly=33.9%; degradation/wear=32.0%,Schedule maintenance soon; inspect tool and review vibration/current/acoustic trends.,0.57,0.57,observed,usable,prototype_risk_index_not_calibrated_probability,prototype_operational_risk_proxy_not_production_loss,heuristic_component_contribution_not_SHAP
MILL_MC510V,T+93 min,11,21,76.8,83.2,85.5,23.2,Critical,64.4,High,degradation/wear (85.5/100); anomaly (83.2/100); acoustic emission (75.3/100),degradation/wear=35.0%; anomaly=34.1%; acoustic emission=30.9%,Schedule maintenance soon; inspect tool and review vibration/current/acoustic trends.,0.65,0.65,observed,usable,prototype_risk_index_not_calibrated_probability,prototype_operational_risk_proxy_not_production_loss,heuristic_component_contribution_not_SHAP
MILL_MC510V,T+100 min,11,22,83.8,97.0,89.5,16.2,Critical,70.1,High,anomaly (97.0/100); degradation/wear (89.5/100); acoustic emission (84.3/100),anomaly=35.8%; degradation/wear=33.0%; acoustic emission=31.1%,Schedule maintenance soon; inspect tool and review vibration/current/acoustic trends.,0.68,0.68,observed,usable,prototype_risk_index_not_calibrated_probability,prototype_operational_risk_proxy_not_production_loss,heuristic_component_contribution_not_SHAP
MILL_MC510V,T+105 min,11,23,89.7,97.6,100.0,10.3,Critical,74.8,High,degradation/wear (100.0/100); acoustic emission (100.0/100); anomaly (97.6/100),degradation/wear=33.6%; acoustic emission=33.6%; anomaly=32.8%,Schedule maintenance soon; inspect tool and review vibration/current/acoustic trends.,0.76,0.76,observed,usable,prototype_risk_index_not_calibrated_probability,prototype_operational_risk_proxy_not_production_loss,heuristic_component_contribution_not_SHAP
MILL_MC510V,T+1 min,12,1,46.9,100.0,7.7,53.1,Degraded,54.2,Medium,anomaly (100.0/100); motor current (100.0/100); vibration (100.0/100),anomaly=33.3%; motor current=33.3%; vibration=33.3%,Increase monitoring frequency and inspect tool condition at the next planned maintenance.,,0.05,interpolated,usable,prototype_risk_index_not_calibrated_probability,prototype_operational_risk_proxy_not_production_loss,heuristic_component_contribution_not_SHAP
MILL_MC510V,T+3 min,12,2,41.2,98.2,7.7,58.8,Degraded,40.5,Medium,anomaly (98.2/100); vibration (75.9/100); acoustic emission (24.1/100),anomaly=49.5%; vibration=38.3%; acoustic emission=12.2%,Increase monitoring frequency and inspect tool condition at the next planned maintenance.,0.05,0.05,observed,usable,prototype_risk_index_not_calibrated_probability,prototype_operational_risk_proxy_not_production_loss,heuristic_component_contribution_not_SHAP
MILL_MC510V,T+6 min,12,3,45.8,96.4,12.3,54.2,Degraded,48.9,Medium,anomaly (96.4/100); vibration (85.5/100); acoustic emission (49.4/100),anomaly=41.7%; vibration=37.0%; acoustic emission=21.4%,Increase monitoring frequency and inspect tool condition at the next planned maintenance.,0.08,0.08,observed,usable,prototype_risk_index_not_calibrated_probability,prototype_operational_risk_proxy_not_production_loss,heuristic_component_contribution_not_SHAP
MILL_MC510V,T+12 min,12,4,43.7,89.8,15.4,56.3,Degraded,44.4,Medium,anomaly (89.8/100); vibration (64.5/100); acoustic emission (45.2/100),anomaly=45.0%; vibration=32.3%; acoustic emission=22.7%,Increase monitoring frequency and inspect tool condition at the next planned maintenance.,,0.1,interpolated,usable,prototype_risk_index_not_calibrated_probability,prototype_operational_risk_proxy_not_production_loss,heuristic_component_contribution_not_SHAP
MILL_MC510V,T+19 min,12,5,44.1,79.0,18.5,55.9,Degraded,48.9,Medium,anomaly (79.0/100); vibration (73.5/100); acoustic emission (60.2/100),anomaly=37.1%; vibration=34.5%; acoustic emission=28.3%,Increase monitoring frequency and inspect tool condition at the next planned maintenance.,0.12,0.12,observed,usable,prototype_risk_index_not_calibrated_probability,prototype_operational_risk_proxy_not_production_loss,heuristic_component_contribution_not_SHAP
MILL_MC510V,T+24 min,12,6,47.2,78.4,26.2,52.8,Degraded,49.5,Medium,anomaly (78.4/100); vibration (62.7/100); acoustic emission (58.4/100),anomaly=39.3%; vibration=31.4%; acoustic emission=29.3%,Increase monitoring frequency and inspect tool condition at the next planned maintenance.,0.17,0.17,observed,usable,prototype_risk_index_not_calibrated_probability,prototype_operational_risk_proxy_not_production_loss,heuristic_component_contribution_not_SHAP
MILL_MC510V,T+30 min,12,7,42.2,52.1,30.8,57.8,Degraded,47.8,Medium,acoustic emission (75.3/100); anomaly (52.1/100); vibration (50.0/100),acoustic emission=42.4%; anomaly=29.4%; vibration=28.2%,Increase monitoring frequency and inspect tool condition at the next planned maintenance.,0.2,0.2,observed,usable,prototype_risk_index_not_calibrated_probability,prototype_operational_risk_proxy_not_production_loss,heuristic_component_contribution_not_SHAP
MILL_MC510V,T+36 min,12,8,43.1,50.9,36.9,56.9,Degraded,44.7,Medium,acoustic emission (77.1/100); anomaly (50.9/100); motor current (45.2/100),acoustic emission=44.5%; anomaly=29.4%; motor current=26.1%,Increase monitoring frequency and inspect tool condition at the next planned maintenance.,0.24,0.24,observed,usable,prototype_risk_index_not_calibrated_probability,prototype_operational_risk_proxy_not_production_loss,heuristic_component_contribution_not_SHAP
MILL_MC510V,T+42 min,12,9,40.7,19.8,49.2,59.3,Degraded,44.8,Medium,acoustic emission (77.1/100); motor current (60.2/100); degradation/wear (49.2/100),acoustic emission=41.3%; motor current=32.3%; degradation/wear=26.4%,Increase monitoring frequency and inspect tool condition at the next planned maintenance.,0.32,0.32,observed,usable,prototype_risk_index_not_calibrated_probability,prototype_operational_risk_proxy_not_production_loss,heuristic_component_contribution_not_SHAP
MILL_MC510V,T+45 min,12,10,40.1,7.8,55.4,59.9,Degraded,44.2,Medium,acoustic emission (73.5/100); motor current (57.2/100); degradation/wear (55.4/100),acoustic emission=39.5%; motor current=30.8%; degradation/wear=29.8%,Increase monitoring frequency and inspect tool condition at the next planned maintenance.,,0.36,interpolated,usable,prototype_risk_index_not_calibrated_probability,prototype_operational_risk_proxy_not_production_loss,heuristic_component_contribution_not_SHAP
MILL_MC510V,T+49 min,12,11,44.2,10.8,61.5,55.8,Degraded,46.8,Medium,acoustic emission (70.5/100); motor current (63.3/100); degradation/wear (61.5/100),acoustic emission=36.1%; motor current=32.4%; degradation/wear=31.5%,Increase monitoring frequency and inspect tool condition at the next planned maintenance.,0.4,0.4,observed,usable,prototype_risk_index_not_calibrated_probability,prototype_operational_risk_proxy_not_production_loss,heuristic_component_contribution_not_SHAP
MILL_MC510V,T+55 min,12,12,46.4,3.6,69.2,53.6,Degraded,49.2,Medium,acoustic emission (73.5/100); degradation/wear (69.2/100); motor current (61.4/100),acoustic emission=36.0%; degradation/wear=33.9%; motor current=30.1%,Increase monitoring frequency and inspect tool condition at the next planned maintenance.,0.45,0.45,observed,usable,prototype_risk_index_not_calibrated_probability,prototype_operational_risk_proxy_not_production_loss,heuristic_component_contribution_not_SHAP
MILL_MC510V,T+61 min,12,13,54.7,26.9,75.4,45.3,Degraded,50.7,Medium,degradation/wear (75.4/100); acoustic emission (70.5/100); motor current (67.5/100),degradation/wear=35.3%; acoustic emission=33.0%; motor current=31.6%,Increase monitoring frequency and inspect tool condition at the next planned maintenance.,0.49,0.49,observed,usable,prototype_risk_index_not_calibrated_probability,prototype_operational_risk_proxy_not_production_loss,heuristic_component_contribution_not_SHAP
MILL_MC510V,T+67 min,12,14,72.1,61.7,89.2,27.9,Critical,61.3,High,degradation/wear (89.2/100); motor current (75.3/100); acoustic emission (72.3/100),degradation/wear=37.7%; motor current=31.8%; acoustic emission=30.5%,Schedule maintenance soon; inspect tool and review vibration/current/acoustic trends.,0.58,0.58,observed,usable,prototype_risk_index_not_calibrated_probability,prototype_operational_risk_proxy_not_production_loss,heuristic_component_contribution_not_SHAP
MILL_MC510V,T+74 min,12,15,84.3,80.2,100.0,15.7,Critical,71.1,High,degradation/wear (100.0/100); acoustic emission (84.9/100); motor current (83.1/100),degradation/wear=37.3%; acoustic emission=31.7%; motor current=31.0%,Schedule maintenance soon; inspect tool and review vibration/current/acoustic trends.,0.65,0.65,observed,usable,prototype_risk_index_not_calibrated_probability,prototype_operational_risk_proxy_not_production_loss,heuristic_component_contribution_not_SHAP
MILL_MC510V,T+0 min,5,1,40.8,91.0,0.0,59.2,Degraded,51.4,Medium,anomaly (91.0/100); vibration (91.0/100); motor current (59.0/100),anomaly=37.8%; vibration=37.7%; motor current=24.5%,Increase monitoring frequency and inspect tool condition at the next planned maintenance.,0.0,0.0,observed,usable,prototype_risk_index_not_calibrated_probability,prototype_operational_risk_proxy_not_production_loss,heuristic_component_contribution_not_SHAP
MILL_MC510V,T+3 min,5,2,33.1,32.9,21.6,66.9,Watch,44.7,Medium,motor current (75.3/100); vibration (58.4/100); acoustic emission (56.6/100),motor current=39.6%; vibration=30.7%; acoustic emission=29.7%,Increase monitoring frequency and inspect tool condition at the next planned maintenance.,0.16,0.16,observed,usable,prototype_risk_index_not_calibrated_probability,prototype_operational_risk_proxy_not_production_loss,heuristic_component_contribution_not_SHAP
MILL_MC510V,T+6 min,5,3,45.6,47.3,39.2,54.4,Degraded,51.0,Medium,motor current (72.9/100); acoustic emission (59.6/100); vibration (50.0/100),motor current=39.9%; acoustic emission=32.7%; vibration=27.4%,Increase monitoring frequency and inspect tool condition at the next planned maintenance.,0.29,0.29,observed,usable,prototype_risk_index_not_calibrated_probability,prototype_operational_risk_proxy_not_production_loss,heuristic_component_contribution_not_SHAP
MILL_MC510V,T+9 min,5,4,51.8,15.6,59.5,48.2,Degraded,65.8,High,motor current (94.6/100); acoustic emission (87.3/100); vibration (81.3/100),motor current=35.9%; acoustic emission=33.2%; vibration=30.9%,Schedule maintenance soon; inspect tool and review vibration/current/acoustic trends.,0.44,0.44,observed,usable,prototype_risk_index_not_calibrated_probability,prototype_operational_risk_proxy_not_production_loss,heuristic_component_contribution_not_SHAP
MILL_MC510V,T+12 min,5,5,60.7,26.3,71.6,39.3,Critical,70.5,High,motor current (98.2/100); acoustic emission (90.4/100); vibration (72.3/100),motor current=37.6%; acoustic emission=34.6%; vibration=27.7%,Schedule maintenance soon; inspect tool and review vibration/current/acoustic trends.,0.53,0.53,observed,usable,prototype_risk_index_not_calibrated_probability,prototype_operational_risk_proxy_not_production_loss,heuristic_component_contribution_not_SHAP
MILL_MC510V,T+15 min,5,6,88.5,67.7,100.0,11.5,Critical,89.5,Immediate,degradation/wear (100.0/100); motor current (99.4/100); acoustic emission (93.4/100),degradation/wear=34.2%; motor current=34.0%; acoustic emission=31.9%,Immediate inspection; verify sensor signals and inspect tool condition before the next production run.,0.74,0.74,observed,usable,prototype_risk_index_not_calibrated_probability,prototype_operational_risk_proxy_not_production_loss,heuristic_component_contribution_not_SHAP
MILL_MC510V,T+0 min,6,1,5.2,0.9,0.0,94.8,Healthy,13.0,Low,vibration (38.6/100); motor current (31.3/100); acoustic emission (4.2/100),vibration=52.0%; motor current=42.3%; acoustic emission=5.7%,Continue routine monitoring and review trends during scheduled maintenance.,0.0,0.0,observed,usable,prototype_risk_index_not_calibrated_probability,prototype_operational_risk_proxy_not_production_loss,heuristic_component_contribution_not_SHAP
MILL_MC510V,T+1 min,7,1,34.5,95.2,0.0,65.5,Watch,32.5,Low,anomaly (95.2/100); vibration (66.9/100); acoustic emission (6.0/100),anomaly=56.6%; vibration=39.8%; acoustic emission=3.6%,Continue routine monitoring and review trends during scheduled maintenance.,0.0,0.0,observed,usable,prototype_risk_index_not_calibrated_probability,prototype_operational_risk_proxy_not_production_loss,heuristic_component_contribution_not_SHAP
MILL_MC510V,T+3 min,7,2,42.1,82.6,19.6,57.9,Degraded,40.2,Medium,vibration (83.1/100); anomaly (82.6/100); degradation/wear (19.6/100),vibration=44.9%; anomaly=44.6%; degradation/wear=10.6%,Increase monitoring frequency and inspect tool condition at the next planned maintenance.,0.09,0.09,observed,usable,prototype_risk_index_not_calibrated_probability,prototype_operational_risk_proxy_not_production_loss,heuristic_component_contribution_not_SHAP
MILL_MC510V,T+6 min,7,3,42.8,77.8,28.3,57.2,Degraded,36.3,Medium,anomaly (77.8/100); vibration (54.2/100); degradation/wear (28.3/100),anomaly=48.5%; vibration=33.8%; degradation/wear=17.6%,Increase monitoring frequency and inspect tool condition at the next planned maintenance.,0.13,0.13,observed,usable,prototype_risk_index_not_calibrated_probability,prototype_operational_risk_proxy_not_production_loss,heuristic_component_contribution_not_SHAP
MILL_MC510V,T+10 min,7,4,58.6,88.0,47.8,41.4,Degraded,51.7,Medium,anomaly (88.0/100); vibration (80.7/100); degradation/wear (47.8/100),anomaly=40.6%; vibration=37.3%; degradation/wear=22.1%,Increase monitoring frequency and inspect tool condition at the next planned maintenance.,0.22,0.22,observed,usable,prototype_risk_index_not_calibrated_probability,prototype_operational_risk_proxy_not_production_loss,heuristic_component_contribution_not_SHAP
MILL_MC510V,T+13 min,7,5,37.6,13.2,52.2,62.4,Watch,37.6,Medium,vibration (61.4/100); degradation/wear (52.2/100); motor current (25.9/100),vibration=44.0%; degradation/wear=37.4%; motor current=18.6%,Increase monitoring frequency and inspect tool condition at the next planned maintenance.,0.24,0.24,observed,usable,prototype_risk_index_not_calibrated_probability,prototype_operational_risk_proxy_not_production_loss,heuristic_component_contribution_not_SHAP
MILL_MC510V,T+15 min,7,6,57.9,38.9,73.9,42.1,Degraded,53.3,Medium,vibration (77.1/100); degradation/wear (73.9/100); anomaly (38.9/100),vibration=40.6%; degradation/wear=38.9%; anomaly=20.5%,Increase monitoring frequency and inspect tool condition at the next planned maintenance.,0.34,0.34,observed,usable,prototype_risk_index_not_calibrated_probability,prototype_operational_risk_proxy_not_production_loss,heuristic_component_contribution_not_SHAP
MILL_MC510V,T+19 min,7,7,71.8,38.3,100.0,28.2,Critical,63.6,High,degradation/wear (100.0/100); vibration (87.3/100); anomaly (38.3/100),degradation/wear=44.3%; vibration=38.7%; anomaly=17.0%,Schedule maintenance soon; inspect tool and review vibration/current/acoustic trends.,0.46,0.46,observed,usable,prototype_risk_index_not_calibrated_probability,prototype_operational_risk_proxy_not_production_loss,heuristic_component_contribution_not_SHAP
MILL_MC510V,T+21 min,7,8,66.8,25.7,100.0,33.2,Critical,58.3,Medium,degradation/wear (100.0/100); vibration (66.9/100); motor current (38.0/100),degradation/wear=48.8%; vibration=32.6%; motor current=18.5%,Increase monitoring frequency and inspect tool condition at the next planned maintenance.,,0.46,interpolated,usable,prototype_risk_index_not_calibrated_probability,prototype_operational_risk_proxy_not_production_loss,heuristic_component_contribution_not_SHAP
MILL_MC510V,T+0 min,8,1,33.9,85.0,0.0,66.1,Watch,37.1,Medium,anomaly (85.0/100); vibration (81.9/100); motor current (21.7/100),anomaly=45.1%; vibration=43.4%; motor current=11.5%,Increase monitoring frequency and inspect tool condition at the next planned maintenance.,0.0,0.0,observed,usable,prototype_risk_index_not_calibrated_probability,prototype_operational_risk_proxy_not_production_loss,heuristic_component_contribution_not_SHAP
MILL_MC510V,T+3 min,8,2,41.4,60.5,29.0,58.6,Degraded,42.4,Medium,vibration (70.5/100); anomaly (60.5/100); motor current (30.7/100),vibration=43.6%; anomaly=37.4%; motor current=19.0%,Increase monitoring frequency and inspect tool condition at the next planned maintenance.,0.18,0.18,observed,usable,prototype_risk_index_not_calibrated_probability,prototype_operational_risk_proxy_not_production_loss,heuristic_component_contribution_not_SHAP
MILL_MC510V,T+6 min,8,3,59.1,83.8,48.4,40.9,Degraded,54.9,Medium,anomaly (83.8/100); vibration (71.1/100); degradation/wear (48.4/100),anomaly=41.2%; vibration=35.0%; degradation/wear=23.8%,Increase monitoring frequency and inspect tool condition at the next planned maintenance.,0.3,0.3,observed,usable,prototype_risk_index_not_calibrated_probability,prototype_operational_risk_proxy_not_production_loss,heuristic_component_contribution_not_SHAP
MILL_MC510V,T+8 min,8,4,42.4,6.0,59.7,57.6,Degraded,47.0,Medium,vibration (74.7/100); degradation/wear (59.7/100); motor current (46.4/100),vibration=41.3%; degradation/wear=33.0%; motor current=25.7%,Increase monitoring frequency and inspect tool condition at the next planned maintenance.,,0.37,interpolated,usable,prototype_risk_index_not_calibrated_probability,prototype_operational_risk_proxy_not_production_loss,heuristic_component_contribution_not_SHAP
MILL_MC510V,T+9 min,8,5,62.0,52.7,71.0,38.0,Critical,58.7,Medium,degradation/wear (71.0/100); vibration (66.3/100); anomaly (52.7/100),degradation/wear=37.4%; vibration=34.9%; anomaly=27.7%,Increase monitoring frequency and inspect tool condition at the next planned maintenance.,0.44,0.44,observed,usable,prototype_risk_index_not_calibrated_probability,prototype_operational_risk_proxy_not_production_loss,heuristic_component_contribution_not_SHAP
MILL_MC510V,T+12 min,8,6,86.1,76.6,100.0,13.9,Critical,77.9,High,degradation/wear (100.0/100); vibration (89.8/100); anomaly (76.6/100),degradation/wear=37.5%; vibration=33.7%; anomaly=28.8%,Schedule maintenance soon; inspect tool and review vibration/current/acoustic trends.,0.62,0.62,observed,usable,prototype_risk_index_not_calibrated_probability,prototype_operational_risk_proxy_not_production_loss,heuristic_component_contribution_not_SHAP
MILL_MC510V,T+1 min,13,1,28.4,65.3,6.5,71.6,Watch,28.1,Low,anomaly (65.3/100); vibration (60.2/100); motor current (7.8/100),anomaly=49.0%; vibration=45.2%; motor current=5.9%,Continue routine monitoring and review trends during scheduled maintenance.,,0.1,interpolated,usable,prototype_risk_index_not_calibrated_probability,prototype_operational_risk_proxy_not_production_loss,heuristic_component_contribution_not_SHAP
MILL_MC510V,T+2 min,13,2,28.2,65.9,6.5,71.8,Watch,27.3,Low,anomaly (65.9/100); vibration (56.6/100); degradation/wear (6.5/100),anomaly=51.1%; vibration=43.9%; degradation/wear=5.1%,Continue routine monitoring and review trends during scheduled maintenance.,,0.1,interpolated,usable,prototype_risk_index_not_calibrated_probability,prototype_operational_risk_proxy_not_production_loss,heuristic_component_contribution_not_SHAP
MILL_MC510V,T+4 min,13,3,23.6,56.3,6.5,76.4,Watch,21.0,Low,anomaly (56.3/100); vibration (33.7/100); motor current (9.6/100),anomaly=56.5%; vibration=33.8%; motor current=9.7%,Continue routine monitoring and review trends during scheduled maintenance.,0.1,0.1,observed,usable,prototype_risk_index_not_calibrated_probability,prototype_operational_risk_proxy_not_production_loss,heuristic_component_contribution_not_SHAP
MILL_MC510V,T+7 min,13,4,21.0,41.3,8.5,79.0,Watch,21.3,Low,anomaly (41.3/100); vibration (39.2/100); motor current (14.5/100),anomaly=43.5%; vibration=41.3%; motor current=15.2%,Continue routine monitoring and review trends during scheduled maintenance.,0.13,0.13,observed,usable,prototype_risk_index_not_calibrated_probability,prototype_operational_risk_proxy_not_production_loss,heuristic_component_contribution_not_SHAP
MILL_MC510V,T+11 min,13,5,21.5,37.1,11.1,78.5,Watch,22.6,Low,vibration (42.8/100); anomaly (37.1/100); motor current (19.3/100),vibration=43.1%; anomaly=37.4%; motor current=19.4%,Continue routine monitoring and review trends during scheduled maintenance.,0.17,0.17,observed,usable,prototype_risk_index_not_calibrated_probability,prototype_operational_risk_proxy_not_production_loss,heuristic_component_contribution_not_SHAP
MILL_MC510V,T+16 min,13,6,19.0,4.2,20.9,81.0,Healthy,26.1,Low,vibration (59.0/100); motor current (32.5/100); degradation/wear (20.9/100),vibration=52.5%; motor current=28.9%; degradation/wear=18.6%,Continue routine monitoring and review trends during scheduled maintenance.,0.32,0.32,observed,usable,prototype_risk_index_not_calibrated_probability,prototype_operational_risk_proxy_not_production_loss,heuristic_component_contribution_not_SHAP
MILL_MC510V,T+19 min,13,7,21.4,2.4,24.8,78.6,Watch,29.3,Low,vibration (63.3/100); motor current (42.8/100); degradation/wear (24.8/100),vibration=48.3%; motor current=32.7%; degradation/wear=19.0%,Continue routine monitoring and review trends during scheduled maintenance.,0.38,0.38,observed,usable,prototype_risk_index_not_calibrated_probability,prototype_operational_risk_proxy_not_production_loss,heuristic_component_contribution_not_SHAP
MILL_MC510V,T+22 min,13,8,29.0,12.0,32.0,71.0,Watch,36.1,Medium,vibration (63.9/100); motor current (44.0/100); degradation/wear (32.0/100),vibration=45.7%; motor current=31.4%; degradation/wear=22.9%,Increase monitoring frequency and inspect tool condition at the next planned maintenance.,0.49,0.49,observed,usable,prototype_risk_index_not_calibrated_probability,prototype_operational_risk_proxy_not_production_loss,heuristic_component_contribution_not_SHAP
MILL_MC510V,T+25 min,13,9,26.7,1.8,36.6,73.3,Watch,31.7,Low,vibration (52.4/100); motor current (48.8/100); degradation/wear (36.6/100),vibration=38.0%; motor current=35.4%; degradation/wear=26.6%,Continue routine monitoring and review trends during scheduled maintenance.,0.56,0.56,observed,usable,prototype_risk_index_not_calibrated_probability,prototype_operational_risk_proxy_not_production_loss,heuristic_component_contribution_not_SHAP
MILL_MC510V,T+29 min,13,10,48.4,45.5,44.4,51.6,Degraded,54.1,Medium,vibration (88.6/100); motor current (64.5/100); anomaly (45.5/100),vibration=44.6%; motor current=32.5%; anomaly=22.9%,Increase monitoring frequency and inspect tool condition at the next planned maintenance.,0.68,0.68,observed,usable,prototype_risk_index_not_calibrated_probability,prototype_operational_risk_proxy_not_production_loss,heuristic_component_contribution_not_SHAP
MILL_MC510V,T+32 min,13,11,49.3,29.3,54.2,50.7,Degraded,56.4,Medium,vibration (84.3/100); motor current (71.1/100); degradation/wear (54.2/100),vibration=40.2%; motor current=33.9%; degradation/wear=25.9%,Increase monitoring frequency and inspect tool condition at the next planned maintenance.,0.83,0.83,observed,usable,prototype_risk_index_not_calibrated_probability,prototype_operational_risk_proxy_not_production_loss,heuristic_component_contribution_not_SHAP
MILL_MC510V,T+35 min,13,12,55.2,39.5,60.1,44.8,Degraded,59.7,Medium,motor current (74.7/100); vibration (73.5/100); degradation/wear (60.1/100),motor current=35.9%; vibration=35.3%; degradation/wear=28.9%,Increase monitoring frequency and inspect tool condition at the next planned maintenance.,0.92,0.92,observed,usable,prototype_risk_index_not_calibrated_probability,prototype_operational_risk_proxy_not_production_loss,heuristic_component_contribution_not_SHAP
MILL_MC510V,T+38 min,13,13,59.1,40.1,69.9,40.9,Degraded,59.6,Medium,motor current (81.9/100); degradation/wear (69.9/100); acoustic emission (57.8/100),motor current=39.1%; degradation/wear=33.4%; acoustic emission=27.6%,Increase monitoring frequency and inspect tool condition at the next planned maintenance.,1.07,1.07,observed,usable,prototype_risk_index_not_calibrated_probability,prototype_operational_risk_proxy_not_production_loss,heuristic_component_contribution_not_SHAP
MILL_MC510V,T+42 min,13,14,70.6,46.1,85.0,29.4,Critical,70.9,High,motor current (98.2/100); degradation/wear (85.0/100); vibration (70.5/100),motor current=38.7%; degradation/wear=33.5%; vibration=27.8%,Schedule maintenance soon; inspect tool and review vibration/current/acoustic trends.,1.3,1.3,observed,usable,prototype_risk_index_not_calibrated_probability,prototype_operational_risk_proxy_not_production_loss,heuristic_component_contribution_not_SHAP
MILL_MC510V,T+45 min,13,15,77.3,53.3,100.0,22.7,Critical,69.1,High,degradation/wear (100.0/100); motor current (99.4/100); acoustic emission (60.2/100),degradation/wear=38.5%; motor current=38.3%; acoustic emission=23.2%,Schedule maintenance soon; inspect tool and review vibration/current/acoustic trends.,1.53,1.53,observed,usable,prototype_risk_index_not_calibrated_probability,prototype_operational_risk_proxy_not_production_loss,heuristic_component_contribution_not_SHAP
MILL_MC510V,T+1 min,14,1,33.4,70.7,7.9,66.6,Watch,36.5,Medium,vibration (75.3/100); anomaly (70.7/100); motor current (25.3/100),vibration=44.0%; anomaly=41.3%; motor current=14.8%,Increase monitoring frequency and inspect tool condition at the next planned maintenance.,,0.09,interpolated,usable,prototype_risk_index_not_calibrated_probability,prototype_operational_risk_proxy_not_production_loss,heuristic_component_contribution_not_SHAP
MILL_MC510V,T+3 min,14,2,27.5,47.9,7.9,72.5,Watch,34.8,Low,vibration (69.9/100); anomaly (47.9/100); motor current (38.6/100),vibration=44.7%; anomaly=30.6%; motor current=24.7%,Continue routine monitoring and review trends during scheduled maintenance.,0.09,0.09,observed,usable,prototype_risk_index_not_calibrated_probability,prototype_operational_risk_proxy_not_production_loss,heuristic_component_contribution_not_SHAP
MILL_MC510V,T+6 min,14,3,29.2,34.1,14.9,70.8,Watch,40.7,Medium,vibration (88.0/100); motor current (50.0/100); anomaly (34.1/100),vibration=51.1%; motor current=29.1%; anomaly=19.8%,Increase monitoring frequency and inspect tool condition at the next planned maintenance.,0.17,0.17,observed,usable,prototype_risk_index_not_calibrated_probability,prototype_operational_risk_proxy_not_production_loss,heuristic_component_contribution_not_SHAP
MILL_MC510V,T+9 min,14,4,28.5,21.0,21.1,71.5,Watch,40.5,Medium,vibration (82.5/100); motor current (54.8/100); acoustic emission (33.7/100),vibration=48.2%; motor current=32.0%; acoustic emission=19.7%,Increase monitoring frequency and inspect tool condition at the next planned maintenance.,0.24,0.24,observed,usable,prototype_risk_index_not_calibrated_probability,prototype_operational_risk_proxy_not_production_loss,heuristic_component_contribution_not_SHAP
MILL_MC510V,T+11 min,14,5,29.3,16.2,25.9,70.7,Watch,40.6,Medium,vibration (81.9/100); motor current (53.6/100); acoustic emission (32.5/100),vibration=48.7%; motor current=31.9%; acoustic emission=19.4%,Increase monitoring frequency and inspect tool condition at the next planned maintenance.,,0.295,interpolated,usable,prototype_risk_index_not_calibrated_probability,prototype_operational_risk_proxy_not_production_loss,heuristic_component_contribution_not_SHAP
MILL_MC510V,T+12 min,14,6,27.8,5.4,30.7,72.2,Watch,38.3,Medium,motor current (65.1/100); vibration (57.2/100); acoustic emission (42.8/100),motor current=39.4%; vibration=34.7%; acoustic emission=25.9%,Increase monitoring frequency and inspect tool condition at the next planned maintenance.,0.35,0.35,observed,usable,prototype_risk_index_not_calibrated_probability,prototype_operational_risk_proxy_not_production_loss,heuristic_component_contribution_not_SHAP
MILL_MC510V,T+18 min,14,8,67.5,86.2,52.6,32.5,Critical,71.2,High,anomaly (86.2/100); acoustic emission (81.9/100); motor current (81.3/100),anomaly=34.6%; acoustic emission=32.8%; motor current=32.6%,Schedule maintenance soon; inspect tool and review vibration/current/acoustic trends.,0.6,0.6,observed,usable,prototype_risk_index_not_calibrated_probability,prototype_operational_risk_proxy_not_production_loss,heuristic_component_contribution_not_SHAP
MILL_MC510V,T+21 min,14,9,77.5,92.2,71.1,22.5,Critical,75.0,High,anomaly (92.2/100); motor current (85.5/100); acoustic emission (83.7/100),anomaly=35.3%; motor current=32.7%; acoustic emission=32.0%,Schedule maintenance soon; inspect tool and review vibration/current/acoustic trends.,0.81,0.81,observed,usable,prototype_risk_index_not_calibrated_probability,prototype_operational_risk_proxy_not_production_loss,heuristic_component_contribution_not_SHAP
MILL_MC510V,T+24 min,14,10,91.4,90.4,100.0,8.6,Critical,83.5,Immediate,degradation/wear (100.0/100); anomaly (90.4/100); motor current (90.4/100),degradation/wear=35.6%; anomaly=32.2%; motor current=32.2%,Immediate inspection; verify sensor signals and inspect tool condition before the next production run.,1.14,1.14,observed,usable,prototype_risk_index_not_calibrated_probability,prototype_operational_risk_proxy_not_production_loss,heuristic_component_contribution_not_SHAP
MILL_MC510V,T+1 min,15,1,46.5,98.8,21.4,53.5,Degraded,40.2,Medium,anomaly (98.8/100); motor current (41.0/100); vibration (33.1/100),anomaly=57.1%; motor current=23.7%; vibration=19.2%,Increase monitoring frequency and inspect tool condition at the next planned maintenance.,,0.15,interpolated,usable,prototype_risk_index_not_calibrated_probability,prototype_operational_risk_proxy_not_production_loss,heuristic_component_contribution_not_SHAP
MILL_MC510V,T+3 min,15,2,39.0,57.5,21.4,61.0,Watch,45.4,Medium,motor current (59.6/100); anomaly (57.5/100); vibration (55.4/100),motor current=34.6%; anomaly=33.3%; vibration=32.1%,Increase monitoring frequency and inspect tool condition at the next planned maintenance.,0.15,0.15,observed,usable,prototype_risk_index_not_calibrated_probability,prototype_operational_risk_proxy_not_production_loss,heuristic_component_contribution_not_SHAP
MILL_MC510V,T+6 min,15,3,49.8,59.9,40.0,50.2,Degraded,53.4,Medium,motor current (66.9/100); anomaly (59.9/100); vibration (56.6/100),motor current=36.5%; anomaly=32.7%; vibration=30.9%,Increase monitoring frequency and inspect tool condition at the next planned maintenance.,0.28,0.28,observed,usable,prototype_risk_index_not_calibrated_probability,prototype_operational_risk_proxy_not_production_loss,heuristic_component_contribution_not_SHAP
MILL_MC510V,T+9 min,15,4,49.3,32.3,52.9,50.7,Degraded,56.0,Medium,acoustic emission (72.9/100); motor current (72.3/100); vibration (56.0/100),acoustic emission=36.2%; motor current=35.9%; vibration=27.8%,Increase monitoring frequency and inspect tool condition at the next planned maintenance.,0.37,0.37,observed,usable,prototype_risk_index_not_calibrated_probability,prototype_operational_risk_proxy_not_production_loss,heuristic_component_contribution_not_SHAP
MILL_MC510V,T+13 min,15,5,72.4,84.4,68.6,27.6,Critical,69.0,High,motor current (92.2/100); anomaly (84.4/100); degradation/wear (68.6/100),motor current=37.6%; anomaly=34.4%; degradation/wear=28.0%,Schedule maintenance soon; inspect tool and review vibration/current/acoustic trends.,0.48,0.48,observed,usable,prototype_risk_index_not_calibrated_probability,prototype_operational_risk_proxy_not_production_loss,heuristic_component_contribution_not_SHAP
MILL_MC510V,T+16 min,15,6,83.0,86.8,80.0,17.0,Critical,83.6,Immediate,motor current (93.4/100); anomaly (86.8/100); acoustic emission (84.9/100),motor current=35.2%; anomaly=32.7%; acoustic emission=32.0%,Immediate inspection; verify sensor signals and inspect tool condition before the next production run.,0.56,0.56,observed,usable,prototype_risk_index_not_calibrated_probability,prototype_operational_risk_proxy_not_production_loss,heuristic_component_contribution_not_SHAP
MILL_MC510V,T+19 min,15,7,90.4,82.0,100.0,9.6,Critical,85.8,Immediate,degradation/wear (100.0/100); motor current (98.8/100); acoustic emission (94.6/100),degradation/wear=34.1%; motor current=33.7%; acoustic emission=32.2%,Immediate inspection; verify sensor signals and inspect tool condition before the next production run.,0.7,0.7,observed,usable,prototype_risk_index_not_calibrated_probability,prototype_operational_risk_proxy_not_production_loss,heuristic_component_contribution_not_SHAP
MILL_MC510V,T+1 min,16,1,57.0,75.4,38.7,43.0,Degraded,64.2,High,vibration (79.5/100); motor current (78.9/100); anomaly (75.4/100),vibration=34.0%; motor current=33.7%; anomaly=32.2%,Schedule maintenance soon; inspect tool and review vibration/current/acoustic trends.,,0.24,interpolated,usable,prototype_risk_index_not_calibrated_probability,prototype_operational_risk_proxy_not_production_loss,heuristic_component_contribution_not_SHAP
MILL_MC510V,T+2 min,16,2,52.5,61.1,38.7,47.5,Degraded,61.1,High,motor current (82.5/100); vibration (77.7/100); acoustic emission (63.9/100),motor current=36.8%; vibration=34.7%; acoustic emission=28.5%,Schedule maintenance soon; inspect tool and review vibration/current/acoustic trends.,,0.24,interpolated,usable,prototype_risk_index_not_calibrated_probability,prototype_operational_risk_proxy_not_production_loss,heuristic_component_contribution_not_SHAP
MILL_MC510V,T+3 min,16,3,41.2,17.4,38.7,58.8,Degraded,57.9,Medium,motor current (89.2/100); vibration (86.7/100); acoustic emission (74.1/100),motor current=35.7%; vibration=34.7%; acoustic emission=29.6%,Increase monitoring frequency and inspect tool condition at the next planned maintenance.,0.24,0.24,observed,usable,prototype_risk_index_not_calibrated_probability,prototype_operational_risk_proxy_not_production_loss,heuristic_component_contribution_not_SHAP
MILL_MC510V,T+4 min,16,4,61.9,59.3,51.6,38.1,Critical,73.8,High,acoustic emission (92.2/100); vibration (91.6/100); motor current (91.0/100),acoustic emission=33.6%; vibration=33.3%; motor current=33.1%,Schedule maintenance soon; inspect tool and review vibration/current/acoustic trends.,,0.32,interpolated,usable,prototype_risk_index_not_calibrated_probability,prototype_operational_risk_proxy_not_production_loss,heuristic_component_contribution_not_SHAP
MILL_MC510V,T+6 min,16,5,62.9,42.5,64.5,37.1,Critical,73.4,High,motor current (94.0/100); acoustic emission (92.8/100); vibration (83.1/100),motor current=34.8%; acoustic emission=34.4%; vibration=30.8%,Schedule maintenance soon; inspect tool and review vibration/current/acoustic trends.,0.4,0.4,observed,usable,prototype_risk_index_not_calibrated_probability,prototype_operational_risk_proxy_not_production_loss,heuristic_component_contribution_not_SHAP
MILL_MC510V,T+9 min,16,6,81.8,53.9,100.0,18.2,Critical,80.4,Immediate,degradation/wear (100.0/100); motor current (93.4/100); acoustic emission (82.5/100),degradation/wear=36.2%; motor current=33.8%; acoustic emission=29.9%,Immediate inspection; verify sensor signals and inspect tool condition before the next production run.,0.62,0.62,observed,usable,prototype_risk_index_not_calibrated_probability,prototype_operational_risk_proxy_not_production_loss,heuristic_component_contribution_not_SHAP
